samp,ATP,std
UF,3.46819933,0.222619335
UF+DmKG,2.115708004,0.088560002
