samp,mean,sd
Trough,1.261340265,0.05123677
Peak,1.191150987,0.077085862
