samp,mean,sd,,
Trough,0.000909445,0.000138258,,
Peak,0.000729741,9.68842E-05,,
