samp,mean,sd
Trough,0.909445,0.138258
Peak,0.729741,9.69E-02
